"PSA Project: Project Name","Opportunity: Opportunity Name","Special Term","Opportunity: Quote Billing Frequency"
"Aviva Health Transformation - Governance   + CRMA (PARENT)","Aviva Health Transformation Design and Define and implementation - CSG (PARENT)","Holdback","Monthly - Billing"
"Aviva Health new reqs - Base-Project","Aviva Health new reqs - Base","Holdback","Monthly - Billing"
"Aviva Health SME and Consumer-Project","Aviva Health SME and Consumer","Holdback","Monthly - Billing"
"Manulife (Canada) - Group Benefits Disability Claims Portal [CO#12] - CS-Project","Manulife (Canada) - Group Benefits Disability Claims Portal [CO#12] - CSG #JanPullForward","Framework","Monthly - Billing"
"McKesson Canada - Life Science Cloud - CSG-Project","McKesson Canada - Health Cloud - RFP- CSG","Holdback","Monthly - Billing"
"SE Health - HH - SOW RFP Parent Canada FY25BigBet-Project","SE Health - HH - SOW RFP Parent #Canada #FY25BigBet","Holdback","Monthly - Billing"
"Booking.com Local Partner Services - SOW2026-008 CRM Insights-Project","Booking.com Local Partner Services - SOW#2026-009 CRM Insights Replace MVP Phase CSG","Framework","Monthly - Billing"
"Nissan AMIEO - PS Lot 2 (Phase 1b P&P / Customer Service)-Project","Nissan AMIEO - ProServ Phase 2 - FY24 (P&P / CEC)","Holdback","Monthly - Billing"
"ITA - Cargo Contact Center Setup - Umbrella SOW2023-001-CO014 - NEW - CS-Project","ITA - Cargo Contact Center Setup - Umbrella SOW2023-001-CO014 - NEW - CSG","Umbrella","Monthly - Billing"
"ITA - Contact Center Improvements Wave 2+3 - Umbrella SOW2023-001-CO005 -Project","ITA - Contact Center Improvements Wave 2+3 - Umbrella SOW2023-001-CO005 - NEW - CSG","Umbrella","Monthly - Billing"
"ITA - Chameleons Continuous Improvement 2024 - Umbrella SOW2023-001-CO02-Project","ITA - Chameleons Continuous Improvement 2024 - Umbrella SOW2023-001-CO021 - NEW - CSG","Umbrella","Monthly - Billing"
"ITA - C360 Project Extension 2024 Wave 1 - Umbrella SOW2023-001-CO025 - -Project","ITA - C360 Project Extension 2024 Wave 1 - Umbrella SOW2023-001-CO025 - NEW - CSG","Umbrella","Monthly - Billing"
"ITA - Amadeus Extension 2023 - Umbrella SOW2023-001-CO002- NEW - CSG-Project","ITA - Amadeus Extension 2023 - Umbrella SOW2023-001-CO002- NEW - CSG","Umbrella","Monthly - Billing"
"ITA - C360 Continuous Improvement 2024 - Umbrella SOW2023-001-CO017 - NE-Project","ITA - C360 Continuous Improvement 2024 - Umbrella SOW2023-001-CO017 - NEW - CSG","Umbrella","Monthly - Billing"
"ITA - OCC - Briefing Dashboard - Umbrella SOW2023-001-CO035 - NEW - CSG-Project","ITA - OCC - Briefing Dashboard - Umbrella SOW2023-001-CO035 - NEW - CSG","Umbrella","Monthly - Billing"
"ITA - Agreement 2025-2026 - NEW - CSG-Project","ITA - Agreement 2025-2026 - NEW - CSG","Invoice with Subtotal(s)","Monthly - Billing"
"ITA - 0$ CO - Agreement 2025-2026 - CO01 - CSG-Project","ITA - 0$ CO - Agreement 2025-2026 - CO01 - CSG","Separate Invoices","Monthly - Billing"
"ITA - C360 Continuous Improvement - Umbrella SOW-Project","ITA - C360 Continuous Improvement - Umbrella SOW2023-001-CO003 - NEW - CSG","Umbrella","Monthly - Billing"
"ITA - Booking NDC - Umbrella SOW2023-001-CO007 - NEW - CSG #GW24-Project","ITA - Booking NDC - Umbrella SOW2023-001-CO007 - NEW - CSG #GW24","Umbrella","Monthly - Billing"
"ITA - Ground - APOC Actions - Umbrella SOW2023-001-CO030 - NEW - CSG-Project","ITA - Ground - APOC Actions - Umbrella SOW2023-001-CO030 - NEW - CSG","Umbrella","Monthly - Billing"
"ITA - Cargo Commercial Gestures - Umbrella SOW2023-001-CO026 - NEW - CSG-Project","ITA - Cargo Commercial Gestures - Umbrella SOW2023-001-CO026 - NEW - CSG","Umbrella","Monthly - Billing"
"ITA - Chameleons Cleaning Reports - Umbrella SOW2023-001-CO022 - NEW - C-Project","ITA - Chameleons Cleaning Reports - Umbrella SOW2023-001-CO022 - NEW - CSG","Umbrella","Monthly - Billing"
"ITA - 0$ CO - Agreement 2025-2026 - CO02 - CSG-Project","ITA - 0$ CO - Agreement 2025-2026 - CO02 - CSG","Separate Invoices","Monthly - Billing"
"ITA - 0$ CO - Agreement 2025-2026 - CO04 - CSG-Project","ITA - 0$ CO - Agreement 2025-2026 - CO04 - CSG","Separate Invoices","Monthly - Billing"
"Centrica - £0 CR for Services NEP extension (3 weeks)-Project","Centrica - £0 CR for Services NEP extension no2 (3 weeks)","Separate Invoices","Monthly - Billing"
"Centrica - £0 CR for Services NEP extension-Project","Centrica - £0 CR for Services NEP extension","Separate Invoices","Monthly - Billing"
"Centrica - £0 CR for Senior Transformation Director-Project","Centrica - £0 CR for Senior Transformation Director","Separate Invoices","Monthly - Billing"
"Centrica - £0 CR for Services NEP extension no3 (4 weeks)-Project","Centrica - £0 CR for Services NEP extension no3 (4 weeks)","Separate Invoices","Monthly - Billing"
"DE VIC_School Concessions Voucher Taskforce_(SOW 010 WO 02)-Project","DE VIC_School Concessions Voucher Taskforce_(SOW 010 WO 02)","Framework","Monthly - Billing"
"DE VIC_SELA_CoE & Remediation_MSOW 011-Project","DE VIC_SELA_CoE & Remediation_MSOW 011","Framework","Monthly - Billing"
"DE Vic_MC-SSB_WO 01_SOW 011 Project","DE Vic_SELA_SOW 011 WO 01","Framework","Monthly - Billing"
"DE Vic_SELA_Partial Pre-Book before June '24_5M (SOW 010 WO 01)-Project","DE Vic_SELA_Partial Pre-Book before June '24_5M (SOW 010 WO 01)","Framework","Monthly - Billing"
"DE VIC_ Attendance Referral Mgt_(SOW 010 WO 03)-Project","DE VIC_ Attendance Referral Mgt_(SOW 010 WO 03)","Framework","Monthly - Billing"
"DE VIC_SELA_Use Case Development_MSOW 010-Project","DE VIC_SELA_Use Case Development_MSOW 010","Framework","Monthly - Billing"
"DE VIC_ School Savings Bonus Phase 1 (MSOW 010 WO 04)-Project","DE VIC_ School Savings Bonus Phase 1 (MSOW 010 WO 04)","Framework","Monthly - Billing"
"SMCP MuleSoft Engagement HQ 2024-Project","SMCP MuleSoft Engagement HQ 2024","Separate Invoices","Monthly - Billing"
"SMCP MuleSoft Engagement HQ Deployment Fr-Project","SMCP MuleSoft Engagement HQ Deployment Fr #GW24","Separate Invoices","Monthly - Billing"
"SMCP MuleSoft Engagement HQ 2026-Project","SMCP MuleSoft Engagement HQ 2026","Separate Invoices","Monthly - Billing"
"MGroup - Consolidated Projects Offering","MGroup - Platform Consolidation","Separate Invoices","Monthly - Billing"
"MGroup - Platform Consolidation CO for Southern Water-Project","MGroup - Platform Consolidation CO for Southern Water","Separate Invoices","Monthly - Billing"
"MGroup - Platform Consolidation CO2 (Mworks)-Project","MGroup - Platform Consolidation CO2 (Mworks)","Separate Invoices","Monthly - Billing"
"MGroup - Framework 2026 - Project","MGroup - Platform Consolidation Renewal","Invoice with Subtotal(s)","Monthly - Billing"
"MGroup - (Agility Eco CO Discovery) - Project","MGroup - Platform Consolidation Renewal (Agility Eco CO Discovery)","Invoice with Subtotal(s)","Monthly - Billing"
"Centrica - CTO+ 2026 (12 months) - CSG-Project","Centrica - CTO+ 2026 (12 months) - CSG","Separate Invoices","Monthly - Billing"
"MGroup - (Mworks CO3)-Project","MGroup - Platform Consolidation Renewal (Mworks CO3)","Invoice with Subtotal(s)","Monthly - Billing"
"MGroup - Platform MBNL - FSL - (EX-Cityfibre)-Project","MGroup - Platform Consolidation Renewal (MBNL/Cityfibre)","Invoice with Subtotal(s)","Monthly - Billing"
"Centrica - Leadership £0 CO Q1-Project","Centrica - Leadership £0 CO - Francisco","Separate Invoices","Monthly - Billing"
"Centrica - Renewal for Bhavdip & Bhavik Q1-Project","Centrica - Renewal for Bhavdip & Bhavik Q1","Separate Invoices","Monthly - Billing"
"MGroup -(Agility Eco MVP Delivery CO)-Project","MGroup - Platform Consolidation Renewal (Agility Eco MVP Delivery CO)","Invoice with Subtotal(s)","Monthly - Billing"
"MGroup - (Mworks CO4)-Project","MGroup - Platform Consolidation Renewal (Mworks CO4)","Invoice with Subtotal(s)","Monthly - Billing"
"MGroup - 2026 Framework Extension Project","M Group Services Limited - Core - Extension - FY27 - CSG","Invoice with Subtotal(s)","Monthly - Billing"
"MGroup - (MWorks CO5)-Project","MGroup - Platform Consolidation Renewal (MWorks CO5)","Invoice with Subtotal(s)","Monthly - Billing"
"Centrica - Dev Capacity B2B-Project","Centrica - Dev Capacity B2B","Separate Invoices","Monthly - Billing"
"Centrica - OneCRM CO2-Project","Centrica - OneCRM CO2","Separate Invoices","Monthly - Billing"
"Centrica - Bord Gais-Project","Centrica - Bord Gais","Separate Invoices","Monthly - Billing"
"Centrica - OneCRM Additional SA-Project","Centrica - OneCRM Additional SA","Separate Invoices","Monthly - Billing"
"Centrica - Tunc Renewal Q2-Project","Centrica - Tunc Renewal Q2","Separate Invoices","Monthly - Billing"
"Centrica - CST 2 x Squads-Project","Centrica - CST 2 x Squads","Separate Invoices","Monthly - Billing"
"Centrica - OneCRM CO3-Project","Centrica - OneCRM CO3","Separate Invoices","Monthly - Billing"
"Centrica - Francisco Renewal 2-Project","Centrica - Francisco Renewal 2","Separate Invoices","Monthly - Billing"
"Centrica - BGB XD Resource-Project","Centrica - BGB XD Resource","Separate Invoices","Monthly - Billing"
"MGroup - Platform Consolidation Renewal (MBNL/Cityfibre) - PO 2-Project","MGroup - Platform Consolidation Renewal (MBNL/Cityfibre) - PO 2","Invoice with Subtotal(s)","Monthly - Billing"
"UK - DBS (via Insight) - LTER RFP - (Main Programme) - CSG-Project","UK - DBS (via Insight) - LTER RFP - Legacy Technology Estate Replacement Programme (Main Prog. + Roadmap) - CSG #sbd-rd","Holdback","Quarterly"
"AAA Club Alliance (ACA) - Direct - Gold Copy Deployment-Project","AAA Club Alliance (ACA) - Direct - Gold Copy Deployment","Holdback","Monthly - Billing"
"AAA Northeast - Direct - Gold Copy Deployment-Project","AAA Northeast - Direct - Gold Copy Deployment","Holdback","Monthly - Billing"
"Avon Cosmetics - B2B Release 1 Build - CSG NB-Project","Avon Cosmetics - B2B Release 1 Build - CSG NB","Holdback","Monthly - Calendar"
"Avon Cosmetics - B2B Alpha Build SOW - CO 002-Project","Avon Cosmetics - B2B Alpha Build SOW - CO 002","Holdback","Monthly - Billing"
"WHO - SP - SPM CO003-Project","WHO - SP - SPM CO003","Umbrella","Monthly - Billing"
"WHO-SP-SPM-CO004 R1-Project","WHO-SP-SPM-CO004 R1","Umbrella","Monthly - Billing"
"WHO-SP-SPM Training - CO001-Project","WHO-SP-SPM Training - CO001","Umbrella","Monthly - Billing"
"Nissan AMIEO Phase 1a CSG Product & Pricing + Transfo Office-Project","Nissan AMIEO Phase 1a CSG Product & Pricing + Transfo Office","Holdback","Monthly - Billing"
"Bright Horizons - Framework for FSC, Data Cloud, Service, CPQ, Portal Im-Project","Bright Horizons - Framework for FSC, Data Cloud, Service, CPQ, Portal Implementation","Framework","Monthly - Billing"
"MS - MuleSoft CO#1 to Framework SOW-Project","MS - MuleSoft CO#1 to Framework SOW","Framework","Monthly - Billing"
"WSV WO023 (HSBU CRM Licensing Project)","WSV - WO023 (HSBU CRM Licensing Project)","Framework","Monthly - Billing"
"WSV WO024 (HSBU CRM Continuous Improvement Project)","WSV - WO024 (HSBU CRM Continuous Improvement Project)","Framework","Monthly - Billing"
"WSV WO025 (HSBU Delivery and Architectural Governance)","WSV - WO025 (HSBU Delivery and Architectural Governance)","Framework","Monthly - Billing"
"WSV - WO20 - CO - CSMI Extension-Project","WSV - WO20 - CO - CSMI Extension","Framework","Monthly - Billing"
"WSV - WO28 - CSMI Extension-Project","WSV - WO28 - CSMI Extension","Framework","Monthly - Billing"
"PFD - B2B/OMS - T&M - CSG-Project","PFD - B2B/OMS - T&M - CSG","Holdback","Monthly - Billing"
"W@W2 - PS - B2B Commerce, Sales & Service, DC & MC - SOW002-Project","W@W - PS - B2B Commerce, Sales & Service, DC & MC - SOW002","Holdback","Monthly - Billing"
"AD | SRG - Accelerated Delivery (USD) - AWS - T&M-Project","AD | SRG - Accelerated Delivery (USD) - AWS - T&M","AWS SI Funding","Monthly - Billing"
"ITA - Cargo Continuous Improvement Extension - Umbrella SOW2023-001-CO01-Project","ITA - Cargo Continuous Improvement Extension - Umbrella SOW2023-001-CO010 - NEW - CSG","Umbrella","Monthly - Billing"
"ITA - B2B Continuous Improvement Extension 2023 - Umbrella SOW2023-001-C-Project","ITA - B2B Continuous Improvement Extension 2023 - Umbrella SOW2023-001-CO013 - NEW - CSG #GW24","Umbrella","Monthly - Billing"
"ITA - Contact Center Continuous Improvement Extension 2023 - Umbrella SO-Project","ITA - Contact Center Continuous Improvement Extension 2023 - Umbrella SOW2023-001-CO011 - NEW - CSG #GW24","Umbrella","Monthly - Billing"
"ITA - New Channel Area B2B Site - Umbrella SOW2023-001-CO006 - NEW - CSG-Project","ITA - New Channel Area B2B Site - Umbrella SOW2023-001-CO006 - NEW - CSG","Umbrella","Monthly - Billing"
"ITA - MVS Downsizing - Umbrella SOW2023-001-CO009 - NEW - CSG #GW24-Project","ITA - MVS Downsizing - Umbrella SOW2023-001-CO009 - NEW - CSG #GW24","Umbrella","Monthly - Billing"
"ITA - Loyalty Project Extension 2024 - Umbrella SOW2023-001-CO024 - NEW -Project","ITA - Loyalty Project Extension 2024 - Umbrella SOW2023-001-CO024 - NEW - CSG","Umbrella","Monthly - Billing"
"ITA - Chameleons Upgrade on Board - Umbrella SOW2023-001-CO031 - NEW - C-Project","ITA - Chameleons Upgrade on Board - Umbrella SOW2023-001-CO031 - NEW - CSG","Umbrella","Monthly - Billing"
"ITA - Chameleons Cactus decommission - Umbrella SOW2023-001-CO028 - NEW -Project","ITA - Chameleons Cactus decommission - Umbrella SOW2023-001-CO028 - NEW - CSG","Umbrella","Monthly - Billing"
"ITA - Loyalty Management 2023 - Umbrella SOW2023-001-CO001 - Parent-Project","ITA - Loyalty Management 2023 - Umbrella SOW2023-001-CO001 - Parent - NEW - CSG","Umbrella","Monthly - Billing"
"ITA - Infopax New Generation - Umbrella SOW2023-001-CO036 - NEW - CSG-Project","ITA - Infopax New Generation - Umbrella SOW2023-001-CO036 - NEW - CSG","Umbrella","Monthly - Billing"
"ITA - Contact Center Evolution 2024/2025","ITA - Contact Center Evolution 2024 - Umbrella SOW2023-001-CO040 - NEW - CSG","Umbrella","Monthly - Billing"
"ITA - 0$ CO - Agreement 2025-2026 - CO03 - CSG-Project","ITA - 0$ CO - Agreement 2025-2026 - CO03 - CSG","Separate Invoices","Monthly - Billing"
"ITA - 0$ CO - Agreement 2025-2026 - CO05 - CSG-Project","ITA - 0$ CO - Agreement 2025-2026 - CO05 - CSG","Separate Invoices","Monthly - Billing"
"Homeserve USA -Follow on Phase:  SOW001 MC & Service Implementation (1 o-Project","Homeserve USA -Follow on Phase:  SOW001 MC & Service Implementation (1 of 2)","Holdback","Monthly - Billing"
"AAA WCNY CRM Deployment-Project","AAA WCNY CRM Deployment","Holdback","Monthly - Billing"
"3 Waters Entity A Implementation-Project","3 Waters Entity A Implementation","Holdback","Monthly - Billing"
"Procore Partner PRM Transformation-Project","Procore Partner PRM Transformation","Holdback","Monthly - Billing"
"WK - OneCS Project Harmony - Project Team Extension - CO - CSG-Project","WK - OneCS Project Harmony - Project Team Extension - CO - CSG","Holdback","Monthly - Billing"
"LWCC - post Illuminate support - phase 1 - CSG-Project","LWCC - post Illuminate support - phase 1 - CSG","Holdback","Monthly - Billing"
"Axis Bank WO for Nov and Dec Master Contract","Axis Bank_MasterWork Order under Bulk Hours SOW for Nov and Dec.","Framework","Monthly - Billing"
"Axis Bank CO for hours under Bulk Hours - OCT 2024 SOW_CSG_FY25-Project","Axis Bank CO for hours under Bulk Hours - OCT 2024 SOW_CSG_FY25","Framework","Monthly - Billing"
"Axis Bank CO for 1L hours under Bulk Hours SOW_Jan25_CSG_FY25-Project","Axis Bank CO for 1L hours under Bulk Hours SOW_Jan25_CSG_FY25","Framework","Monthly - Billing"
"Axis Bank CO for 1L hours under Bulk Hours SOW_Mar25_CSG_FY26-Project","Axis Bank CO for 1L hours under Bulk Hours SOW_Mar25_CSG_FY26","Framework","Monthly - Billing"
"DX-DPEP - Disney - Contact Center Next - MVP Build - CSG-Project","DX-DPEP - Disney - Contact Center Next - MVP Build - CSG","Holdback","Quarterly"
"dx.one GmbH - eshop.lite - Child After Sales- SOW - Project","dx.one GmbH - eshop.lite - Child After Sales- SOW#2023-002-CO009","Invoice with Subtotal(s)","Monthly - Billing"
"Axis Bank_Work Order under Bulk Hours SOW_June25_CSG_FY26-Project","Axis Bank_Work Order under Bulk Hours SOW_June25_CSG_FY26","Framework","Monthly - Billing"
"Axis Bank_Work Order under Bulk Hours SOW_July25_CSG_FY26-Project","Axis Bank_Work Order under Bulk Hours SOW_July25_CSG_FY26","Framework","Monthly - Billing"
"Axis Bank_Work Order under Bulk Hours SOW_Aug25_CSG_FY26-Project","Axis Bank_Work Order under Bulk Hours SOW_Aug25_CSG_FY26","Framework","Monthly - Billing"
"Lumen - CO - SFS QF Ready to Clone - CSG-Project","Lumen - CO - SFS QF Ready to Clone - CSG","Holdback","Monthly - Billing"
"Axis Bank_Work Order_Sep25 to March26 _CSG_FY26-Project","Axis Bank_Work Order_Sep25 to March26 _CSG_FY26","Framework","Monthly - Billing"
"Axis Bank_CR for March 2026-Project","Axis Bank_CR for March 2026","Framework","Monthly - Billing"
"ECU-Academic Affairs- SOW01 - Parent split-Project","ECU_Academic Affairs_ SOW01 - Parent split","Holdback","Monthly - Billing"
"Bancolombia - CO005 - Extensión de Soporte-Project","Bancolombia - CO005 - Extensión de Soporte","Umbrella","Monthly - Billing"
"SABESP - Service/FSL/DATA CLOUD - Prime Imp - CSG-Project","SABESP - Service/FSL/DATA CLOUD - Prime Imp - CSG","Holdback","Monthly - Billing"
"The Adecco Group AKKODIS deployment after Phase 0 CSG-Project","The Adecco Group AKKODIS deployment after Phase 0 CSG","Holdback","Monthly - Billing"
"SiriusXM - MOPs/Campaign Ops - 2026 Extension-Project","SiriusXM - MOPs/Campaign Ops - 2026 Extension","Holdback","Monthly - Billing"
"Banco Macro - AR - Core - Salesforce CRM implementation-Project","Banco Macro - AR - Core - Salesforce CRM implementation","Holdback","Monthly - Billing"
"Telia SWEDEN-Comms Cloud - Implementation support-Project","Telia SWEDEN-Comms Cloud - 1 CTO + 1 GDC 12 Mo","Invoice with Subtotal(s)","Monthly - Billing"
"Telia SWEDEN-Comms Cloud - 0 USD for Invoicing (1 CTO + 1 GDC 12 Mo )-Project","Telia SWEDEN-Comms Cloud - 0 USD for Invoicing (1 CTO + 1 GDC 12 Mo )","Invoice with Subtotal(s)","Monthly - Billing"
"Cariad - RFP EcoSystem Small& Med. Markets - 3 year deal - SOW24-01 - #p-Project","Cariad - RFP EcoSystem Small& Med. Markets - 3 year deal - SOW24-01 - #pullforward","Invoice with Subtotal(s)","Monthly - Billing"
"dx.one GmbH - Child Oppty - PoC After Sales Q1-Project","dx.one GmbH - Child Oppty - PoC After Sales Q1","Invoice with Subtotal(s)","Monthly - Billing"
"dx.one GmbH - Child Oppty - Architects Technical Foundation Q1-Project","dx.one GmbH - Child Oppty - Architects Technical Foundation Q1","Invoice with Subtotal(s)","Monthly - Billing"
"dx.one GmbH - Child Oppty - One.CRM Architects Engagement Q1-Project","dx.one GmbH - Child Oppty - One.CRM Architects Engagement Q1","Invoice with Subtotal(s)","Monthly - Billing"
"dx.one GmbH - Child Oppty - After Sales PoC / Palantir-Project","dx.one GmbH - Child Oppty - After Sales PoC / Palantir","Invoice with Subtotal(s)","Monthly - Billing"
"dx.one GmbH - Child Oppty - Technical Foundation Team Feb-Mar-Project","dx.one GmbH - Child Oppty - Technical Foundation Team Feb-Mar","Invoice with Subtotal(s)","Monthly - Billing"
"dx.one GmbH - Child Oppty - Technical Foundation Team Apr-May-Project","dx.one GmbH - Child Oppty - Technical Foundation Team Apr-May","Invoice with Subtotal(s)","Monthly - Billing"
"dx.one GmbH - Child Oppty - After Sales GOC Mar-Dec - Project","dx.one GmbH - Child Oppty - After Sales GOC Mar-Dec","Invoice with Subtotal(s)","Monthly - Billing"
"dx.one GmbH - Child Oppty - S&M Markets - Team Apr-May-Project","dx.one GmbH - Child Oppty - S&M Markets - Team Apr-May","Invoice with Subtotal(s)","Monthly - Billing"
"dx.one - Technical Foundation Impl. - SOW - CSG-Project","dx.one - Technical Foundation Impl. - SOW - CSG","Invoice with Subtotal(s)","Monthly - Billing"
"dx.one GmbH - Child Oppty - PI.25.3 - One.CRM Architects Engagement-Project","dx.one GmbH - Child Oppty - PI.25.3 - One.CRM Architects Engagement","Invoice with Subtotal(s)","Monthly - Billing"
"dx.one - Child Oppty - Technical Foundation Impl. PI 25.3-  SOW - CSG-Project","dx.one - Child Oppty - Technical Foundation Impl. PI 25.3-  SOW - CSG","Invoice with Subtotal(s)","Monthly - Billing"
"dx.one - Child Oppty - Technical Foundation Impl. PI 25.4- SOW - CSG-Project","dx.one - Child Oppty - Technical Foundation Impl. PI 25.4- SOW - CSG","Invoice with Subtotal(s)","Monthly - Billing"
"dx.one - Child Oppty - Technical Foundation Impl. PI 26.1- SOW - CSG-Project","dx.one - Child Oppty - Technical Foundation Impl. PI 26.1- SOW - CSG","Invoice with Subtotal(s)","Monthly - Billing"
"dx.one - Child Oppty - Technical Foundation - March 2026-Project","dx.one - Child Oppty - Technical Foundation - March 2026","Invoice with Subtotal(s)","Monthly - Billing"
"dx.one - Child Oppty - Technical Foundation - Juni 2026-Project","dx.one - Child Oppty - Technical Foundation - Juni 2026","Invoice with Subtotal(s)","Monthly - Billing"
"Bouygues Telecom - ChildOptCOE2025 - Extension S2 2025 ARC - CSG-Project","Bouygues Telecom - ChildOppyCoE2025 - Extension S2 2025 ARC - CSG","Invoice with Subtotal(s)","Monthly - Billing"
"Bouygues Telecom - ChildOptCOE2025 - Extension S2 2025 TABARLY - CSG-Project","Bouygues Telecom - ChildOppyCoE2025 - Extension S2 2025 TABARLY - CSG","Invoice with Subtotal(s)","Monthly - Billing"
"Bouygues Telecom - ChildOptCOE2025 - Fouad Extension- CSG-Project","Bouygues Telecom - ChildOptCOE2025 - Fouad Extension until December - CSG","Invoice with Subtotal(s)","Monthly - Billing"
"Bouygues Telecom - ChildOptCOE2025 - AI Team Extension Dec- CSG-Project","Bouygues Telecom - ChildOptCOE2025 - AI Team Extension until December - CSG","Invoice with Subtotal(s)","Monthly - Billing"
"Bouygues Telecom - Parent - Project 2026","Bouygues Telecom - NEW Transfo Office & Acceleration 2026 - Baseline","Invoice with Subtotal(s)","Monthly - Billing"
"Bouygues Telecom - ChildOpt2026 - Be360 - BTA - Martin G- CSG-Project","Bouygues Telecom - NEW TO  2026 - Be360 - BTA CSG","Invoice with Subtotal(s)","Monthly - Billing"
"Bouygues Telecom - ChildOpt2026 - Colibri CoE - CSG-Project","Bouygues Telecom - NEW TO  2026 - BTE - Colibri CoE - CSG","Invoice with Subtotal(s)","Monthly - Billing"
"Bouygues Telecom - ChildOpt2026 - GP- ARC - CSG-Project","Bouygues Telecom - NEW TO  2026 - GP- ARC - CSG","Invoice with Subtotal(s)","Monthly - Billing"
"Bouygues Telecom - ChildOpt2026 - GP- TABARLY - CSG-Project","Bouygues Telecom - NEW TO  2026 - GP- TABARLY - CSG","Invoice with Subtotal(s)","Monthly - Billing"
"Bouygues Telecom - ChildOpt2026 - Data Cloud Project - CSG-Project","Bouygues Telecom - ChildOptCOE2026 - Data Cloud Project - CSG","Invoice with Subtotal(s)","Monthly - Billing"
"Bouygues Telecom - ChildOpt2026 - Build Tilkee - CSG-Project","Bouygues Telecom - ChildOptCOE2026 - Colibri Build Tilkee - CSG","Invoice with Subtotal(s)","Monthly - Billing"
"Bouygues Telecom - ChildOpt2026 - GP ARC AI and IRIS - CSG-Project","Bouygues Telecom - ChildOptCoE2026 - GP ARC - AI and IRIS Extension - CSG","Invoice with Subtotal(s)","Monthly - Billing"
"Bouygues Telecom - ChildOpt2026 - Security Assessment-Project","Bouygues Telecom - ChildOptCoE2026 - Security Assessment and Delivery - CSG","Invoice with Subtotal(s)","Monthly - Billing"
"Bouygues Telecom - ChildOpt2026 - Tabarly - renfort 2 sdev -Project","Bouygues Telecom - ChildOptCoE2026 - i360- 2 SDEV - CSG","Invoice with Subtotal(s)","Monthly - Billing"
"Bouygues Telecom - ChildOpt2026 - Extension H2 ARC - CSG-Project","Bouygues Telecom - ChildOptCoE2026 - ARC - Extension Ahmed - CSG","Invoice with Subtotal(s)","Monthly - Billing"
"Bouygues Telecom - ChildOpt2026 - BTE- Kamal - CSG-Project","Bouygues Telecom - ChildOptCoE2026 - BTE- Audit et API Delivery - CSG","Invoice with Subtotal(s)","Monthly - Billing"
"Morgan Stanley Strategic Services - Task Order 8 (Avijit's extension)-Project","Morgan Stanley Strategic Services - Task Order #8 (Avijit's extension)","Framework","Monthly - Billing"
"AMEX - Tab Cloud Migration #kareem-Project","AMEX - Tab Cloud Migration #kareem","AWS SI Funding","Monthly - Billing"
"Comcast EffecTV - Phase 1 - CSG #janpullforward-Project","Comcast EffecTV - Phase 1 - CSG #janpullforward","Holdback","Monthly - Billing"
"DX - Dpep- - Data cloud build-  CO6 - CSG - Services-Project","DX - Dpep- - Data cloud build-  CO6 - CSG - Services","AWS SI Funding","Monthly - Billing"
"Lumen - SOW - SFMC instance - QF Clone and Convey- CSG","Lumen - SOW - SFMC instance - QF Clone and Convey- CSG - New","Holdback","Monthly - Billing"
"Lumen - QF SFS BidMaster Replace - CSG-Project","Lumen - QF SFS BidMaster Replace - CSG #q3pullforward","Holdback","Monthly - Billing"
"Lumen - QF C&C - Extension-Project","Lumen - QF C&C - Extension","Holdback","Monthly - Billing"
"Lumen - SOW - SFMC instance CO1 - QF Clone and Convey- CSG - New-Project","Lumen - SOW - SFMC instance CO1 - QF Clone and Convey- CSG - New","Holdback","Monthly - Billing"
"Zayo - 1 CTO - New - CSG-Project","Zayo - 1 CTO - New - CSG","AWS SI Funding","Monthly - Billing"
"Duke IR Request Processes-Project","Duke IR Request Processes","Holdback","Monthly - Billing"
"PLDT Enterprise - [CORE] OSS Transformation CR (PARENT)-Project","PLDT Enterprise - [CORE] OSS Transformation CR (PARENT)","Holdback","Monthly - Billing"
"Ufinity Partnership Work Order 1-Project","Ufinity Partnership Work Order 1 #ufinity","Framework","Monthly - Billing"
"Ufinity Partnership Master SOW-Project","Ufinity Partnership Master SOW","Framework","Monthly - Billing"
"Davita, CSG Services, Patient360, RFP Response SOW (MC+CDP+IS)-Project","Davita, CSG Services, Patient360, RFP Response SOW (MC+CDP+IS) #HLSMustWin","Holdback","Monthly - Billing"
"Hims- Service Cloud & Experience Cloud Implementation -CSG-Project","Hims- Service Cloud & Experience Cloud Implementation -CSG #vik","Holdback","Monthly - Billing"
"Meta -ACN - Advisory FY25 -OF - CSG-Project","Meta -ACN - Advisory FY25 -OF - CSG","Holdback","Monthly - Billing"
"MS TSTT Mule 3 to 4 Migration SOW-001 SVCS-Project","MS TSTT Mule 3 to 4 Migration SOW-001 SVCS","Holdback","Monthly - Billing"
"Comcast - Effectv Media Cloud Implementation-SOW- CSG -Project","Comcast - Effectv Media Cloud Implementation-SOW- CSG #BigBet","Holdback","Monthly - Billing"
"Comcast - Effectv - Phase 1+ -CO-  CSG - Parent split-Project","Comcast - Effectv - Phase 1+ -CO-  CSG - Parent split","Holdback","Monthly - Billing"
"NBCU - GTVD - SOW- CSG-Project","NBCU - GTVD - SOW- CSG","Holdback","Monthly - Billing"
"DE VIC - WO Mulesoft-Project","DE VIC - WO Mulesoft - WO#5","Framework","Monthly - Billing"
"MS - DE VIC - Mule Add-on for Student Insights - (WO)-Project","MS - DET VIC - Mule Add-on for Student Insights - (WO) # 6","Framework","Monthly - Billing"
"DE Vic- MS - Student Insights Mule 3M - Project","MS - (NK) - DE Vic Student Insights Mule Dev Team 3mo Ext #2 - WO8 - (JOINT svcs)","Framework","Monthly - Billing"
"Brandt - Phase 1 & 2 transformation - PS-CSG-Project #QL","Brandt - Phase 1 & 2 transformation - PS-CSG #QL","Holdback","Monthly - Billing"
"Bright Horizons Marketing improvements CO01-Project","Bright Horizons Marketing improvements CO01","Framework","Monthly - Billing"
"Cushman - SOW - Blended C360/UIUX project team for 2023-Project","Cushman - SOW - Blended C360/UIUX project team for 2023","Holdback","Monthly - Billing"
"TIAA - B2C | Siebel to SF | CRM Modernization-Project","TIAA - B2C | Siebel to SF CRM Modernization - Parent","Holdback","Monthly - Billing"
"Prudential - $0 DD - Prudential CRMA Proposal-Project","Prudential - $0 DD - Prudential CRMA Proposal","Invoice with Subtotal(s)","Monthly - Billing"
"BSC - Care Management Phase 1 - CO-Project","BSC - Care Management Phase 1 - CO","Holdback","Monthly - Billing"
"Liverpool - MX - Cosmetics CO-Project","Liverpool - MX - Cosmetics CO","Framework","Monthly - Billing"
"Banco Macro - Loyalty - Prime Implementation-Project","Banco Macro - Loyalty - Prime Implementation","Holdback","Monthly - Billing"
"SICREDI - Front Unico+Adivsory  - CO - CSG-Project","SICREDI - Front Unico+Adivsory  - CO - CSG","Umbrella","Monthly - Billing"
"ENVASES UNIVERSALES_SALES & SERVICES_MANUFACTURING-Project","ENVASES UNIVERSALES_SALES & SERVICES_MANUFACTURING","Holdback","Monthly - Billing"
"Xcel Reenergize Disconnected AQI Customer CSG-Project","Xcel Reenergize Disconnected AQI Customer CSG","Holdback","Monthly - Billing"
"PO SÖDERBERG & PARTNERS AB - FS Cloud MVP Implementation -Project","PO SÖDERBERG & PARTNERS AB - FS Cloud Pilot Implementation Norway","Holdback","Monthly - Billing"
"Bradesco AGORA - CO05 - Fase 2 MC & Core - Parent Split-Project","Bradesco AGORA - CO05 - Fase 2 MC & Core - Parent Split","Umbrella","Monthly - Billing"
"Premmia-MC+CC+Core-SOW-New Loyalty Platform-Project","Premmia-MC+CC+Core-SOW-New Loyalty Platform","Holdback","Monthly - Billing"
"UHG - MC@ team for 2025 - Work Order 3-Project","UHG - MC@ team for 2025 - Work Order #3","Framework","Semi-annual"
"UHG - Prof Services - 2026 MC@ Extension - Work Order-Project","UHG - Prof Services - MC@ Extension - Work Order #7 -  #Vun","Framework","Monthly - Billing"
"NewRez - AF/D360 (renewal attach) #QL - CSG-Project","NewRez - AF/D360 (renewal attach) #QL - CSG","Holdback","Monthly - Billing"
"Clase Azul_Mkt+Core+Mule_CSG SOW-Project","Clase Azul_Mkt+Core+Mule_CSG SOW","Holdback","Monthly - Billing"
"Bradesco Umbrela - CO042 Private - Ext 2022 - 90%-Project","Bradesco - Umbrela CO042 - Private 2022 - 12 months 9932 hrs- SLF-22-0042-01 - 90% CORE e 10% MC Services","Umbrella","Monthly - Billing"
"Lennar - Homeowner Portal Team Ext 3 months CO05-Project","Lennar - Homeowner Portal Team Ext 3 months CO05","Framework","Monthly - Billing"
"Lennar - homeowner portal, customer case, SCV, data cloud, marketing & s-Project","Lennar - homeowner portal, customer case, SCV, data cloud, marketing & sales","Framework","Monthly - Billing"
"Lennar CO Lennar Account CO07-Project","Lennar CO Lennar Account CO07","Framework","Monthly - Billing"
"Boeing - DAS - Pathfinder - Implementation-Project","Boeing - DAS - Pathfinder - Implementation","Holdback","Monthly - Billing"
"Goodyear Transformation CSG - 3 year-Project","Goodyear Transformation CSG - 3 year","Holdback","Monthly - Billing"
"Darktrace - Beta & R1 Extension - PARENT - CSG-Project","Darktrace - Beta & R1 Extension - PARENT - CSG","Holdback","Monthly - Billing"
"Axis Bank_Work Order under Bulk Hours SOW_April25_CSG_FY26-Project","Axis Bank_Work Order under Bulk Hours SOW_April25_CSG_FY26","Framework","Monthly - Billing"
"Lumen B2C - CO- QF Clone & Convey - Additional Scope - CSG-Project","Lumen B2C - CO- QF Clone & Convey - Additional Scope - CSG","Holdback","Monthly - Billing"
"Xcel Customer Communication Transformation CCT Build CSG-Project","Xcel Customer Communication Transformation CCT Build CSG","Holdback","Monthly - Billing"
"Bandhan AUTO + PL LOS Implementation_FY27-Project","Bandhan AUTO + PL LOS Implementation_FY27","Holdback","Monthly - Billing"
"Morgan Stanley - MC Email Archiving Support - Task Order #3-Project","Morgan Stanley - MC Email Archiving Support - Task Order #3","Framework","Monthly - Billing"
"Morgan Stanley Strategic Services - Parent - CSG-Project #MasterSOW","Morgan Stanley Strategic Services - Parent - CSG","Framework","Monthly - Billing"
"Morgan Stanley Strategic Services - Task Order 4 (Avijit's extension)-Project","Morgan Stanley Strategic Services - Task Order #4 (Avijit's extension)","Framework","Monthly - Billing"
"Morgan Stanley - MC - Custom Extract - Task Order 5 - CSG-Project","Morgan Stanley - MC - Custom Extract - Task Order #5 - CSG","Framework","Monthly - Billing"
"Morgan Stanley MSIM TA (Avijit) - Task Order-Project","Morgan Stanley MSIM TA (Avijit) - Task Order #9","Framework","Monthly - Billing"
"Morgan Stanley Integrated Firm-Project","Morgan Stanley Integrated Firm (Agentforce + Data Cloud) - Task Order #10","Framework","Monthly - Billing"
"JPMC Tab AWS Marketplace SI Cash Services - New-Project","JPMC Tab AWS Marketplace SI Cash Services - New","AWS SI Funding","Monthly - Billing"
"DTP Agentforce Implementation CSG New (2)-Project","DTP Agentforce Implementation CSG New (2)","Framework","Monthly - Billing"
"Adecco IT services Innovation delivery by SF PS - datacloud,  _AI_ CSG-Project","Adecco IT services Innovation delivery by SF PS - datacloud,  Agentforce _AI_ CSG CRMA","Holdback","Monthly - Billing"
"Mutuaide DDS Lot2 Auto alignement CSG-Project","Mutuaide DDS Lot2 Auto alignement CSG","Invoice with Subtotal(s)","Monthly - Billing"
"Mutuaide DDS Lot 2 Gestion du catalogue alignement CSG-Project","Mutuaide DDS Lot 2 Gestion du catalogue alignement CSG","Invoice with Subtotal(s)","Monthly - Billing"
"Mutuaide Strategie deploiement pilote CSG-Project","Mutuaide Strategie deploiement pilote CSG","Invoice with Subtotal(s)","Monthly - Billing"
"USAA - Enterprise Data 360 & Marketing Cloud - CSG-Project #QL","USAA - Enterprise Data 360 & Marketing Cloud - CSG","AWS SI Funding","Monthly - Billing"
"IBM-MASTER SOW-GreenStar- Program-+MVP build team-CSG-Project","IBM - MASTER SOW - Green STAR Program - CSG","Framework + Holdback","Monthly - Billing"
"IBM Green STAR Program CO02-CSG-Project","IBM Green STAR Program CO02-CSG","Framework + Holdback","Monthly - Billing"
"IBM-SOW-GreenStar- FY26 6 Mo Ext Paid Uplift-CSG-Project","IBM-SOW-GreenStar- FY26 6 Mo Ext Paid Uplift-CSG","Framework + Holdback","Monthly - Billing"
"Aviva Health Transformation - Feature Team 2-Project","Aviva Health Transformation Design and Define and implementation - CSG (Feature Team 2)","Holdback","Monthly - Billing"
"Aviva Health Transformation - Feature Team 3-Project","Aviva Health Transformation Design and Define and implementation - CSG (Feature Team 3)","Holdback","Monthly - Billing"
"Civica - Customer Services Transformation - CSG-Project","Civica - Customer Services Transformation - CSG","Holdback","Monthly - Billing"
"Brighton Health - Member 360 Call Center CO1 - Services #Chase-Project","Brighton Health - Member 360 Call Center CO1 - Services #Chase","Holdback","Monthly - Billing"
"Alliant Insurance - Retail P&C - Producer Experience-Project","Alliant Insurance - Retail P&C - Producer Experience","Holdback","Monthly - Billing"
"Civica - CO1 - CSG-Project","Civica - CO1 - CSG","Holdback","Monthly - Billing"
"Criteo Technology SAS - SOW002 Media Cloud & CRMA Detailed Design + Rele-Project","Criteo Technology SAS - SOW002 Media Cloud & CRMA Detailed Design + Release 1 - CSG","Holdback","Monthly - Billing"
"Lennar - Digital Engagement CO-04-Project","Lennar - Digital Engagement CO-04","Framework","Monthly - Billing"
"Janney - Wealth Advisor Phase 0 & MVP - CSG-Project","Janney - Wealth Advisor Phase 0 & MVP - CSG","Holdback","Monthly - Billing"
"Lennar NHC Mobile moving to new Framework SOW- WO1-Project","Lennar NHC Mobile moving to new Framework SOW- WO1","Framework","Monthly - Billing"
"Criteo Technology SAS - SOW001 CO003 Project Extension - CSG-Project","Criteo Technology SAS - SOW001 CO003 Project Extension - CSG","Holdback","Monthly - Billing"
"Darktrace - October Go-Live-Project","Darktrace - October Go-Live","Holdback","Monthly - Billing"
"Kerry Delivery Phase-Project","Kerry Delivery Phase","Holdback","Monthly - Billing"
"PG&E - OTR-2-Project","PG&E - OTR-2","Holdback","Monthly - Billing"
"Telefónica Germany -Project 1: MM CAPEX, PO Number 9405205084-Project","Telefónica Germany - Industries - PA - Extension - FY23 - CSG","Separate Invoices","Monthly - Billing"
"Telefónica Germany -Project 2: MM OPEX, PO Number 9405207426-Project","Telefónica Germany -Project 2: MM OPEX, PO Number 9405207426","Separate Invoices","Monthly - Billing"
"Telefónica Germany -Project 4: B2B CAPEX, PO Number 9405209621-Project","Telefónica Germany -Project 4: B2B CAPEX, PO Number 9405209621","Separate Invoices","Monthly - Billing"
"Telefónica Germany - PA - Ext - FY25 - Project 1:PO: 4500101317-MM-CAPEX-Project","Telefónica Germany - Industries - PA - Extension - FY25 - Project 1 2025: MM CAPEX - PO: 4500101317","Invoice with Subtotal(s)","Monthly - Billing"
"Telefónica Germany - PA - Ext - FY25 - Proj 4 PO: 4500100212-BM-OPEX-Project","Telefónica Germany - Industries - PA - Extension - FY25 - Project 4 2025-2026: B2B OPEX PO: 4500100212","Invoice with Subtotal(s)","Monthly - Billing"
"Telefónica Germany - PA - Ext - FY25 - Project 5:PO: 4500100212-BM-CAPEX-Project","Telefónica Germany - PA - Ext - FY25 - Project 5:PO: 4500100212-BM-CAPEX","Invoice with Subtotal(s)","Monthly - Billing"
"Telefonica - CTO - Extension - CSG - MM CAPEX 2026-Project","Telefonica - CTO - Extention - CSG","Separate Invoices","Monthly - Billing"
"Telefonica - CTO - Extension - CSG - MM OPEX 2026-Project","Telefonica - CTO - Extention - CSG - Child opportunity  MM OPEX 2026","Separate Invoices","Monthly - Billing"
"Siemens PLM Software - RCA DI Solutions - Implementation - CSG-Project","Siemens PLM Software - RCA DI Solutions - Implementation - Parent (50%) CSG","Invoice with Subtotal(s)","Monthly - Billing"
"Siemens PLM Software - RCA DI Solutions - Implementation - 2 - PO - BX-Project","BuildingX Pod - Siemens PLM Software - RCA DI Solutions - Implementation - 0$ Oppty 2 - PO - BX","Invoice with Subtotal(s)","Monthly - Billing"
"Siemens PLM Software - RCA DI Solutions - Implementation - Oppty 5-Project","Siemens PLM Software - RCA DI Solutions - Implementation - 0$ Oppty 5 - PO - SPECIAL","Invoice with Subtotal(s)","Monthly - Billing"
"Siemens PLM Software - RCA DI Solutions - PO - SERV-Project","Siemens PLM Software - RCA DI Solutions - Implementation - 0$ Oppty 4 - PO - SERV","Invoice with Subtotal(s)","Monthly - Billing"
"Siemens PLM Software - RCA DI Solutions - Oppty 3 - PO - SOLSYS-Project","Siemens PLM Software - RCA DI Solutions - Implementation - 0$ Oppty 3 - PO - SOLSYS","Invoice with Subtotal(s)","Monthly - Billing"
"QXO Agentic HR Service","QXO Agentic HR Service","Holdback","Monthly - Billing"
"Public Storage - PARENT Framework Agreement for MC, Data, Service and Mu-Project","Public Storage - PARENT Framework Agreement for MC, Data, Service and Mule roll out and enhancements #gw24","Framework","Monthly - Billing"
"DE Vic_Student Insight Extension(MSOW011WO012CO015)","MSOW 011 WO 012 CO 015","Framework","Monthly - Billing"
"WSV - WO32 - CSMI-Project","WSV - WO32 - CSMI","Framework","Monthly - Billing"
"MSOW - WO33 - WSV - CSMI Phase 1 Completion + Phase 2 Define and Design-Project","MSOW - WO33 - CSMI Phase 1 Completion + Phase 2 Define and Design","Framework","Monthly - Billing"
"WSV -  WO 11 (Mulesoft Team, new squad and extension of an architect)-Project","WSV -  WO 11 (Mulesoft Team, new squad and extension of an architect)","Framework","Monthly - Billing"
"WSV - Work Order 8 (Pre-scoping Mulesoft)-Project","WSV - Work Order 8 (Pre-scoping Mulesoft)","Framework","Monthly - Billing"
"WSV WO22  - SIP Program-Project","WSV WO22  - SIP Program","Framework","Monthly - Billing"
"WSV - WO40 - MuleSoft Extension Jul+ Aug-Project","WSV - WO40 - MuleSoft Extension Jul+ Aug","Framework","Monthly - Billing"
"Shift4 - DT - Wave 1","Shift4 - FSC R1, R2, R3 Expert Hours - CSG","Framework","Monthly - Billing"
"Homeserve - Service Cloud CO2 - CSG-Project","Homeserve - Service Cloud CO2 - CSG","Holdback","Monthly - Billing"
"Groupe Deschenes Inc  CO 05-Project","Groupe Deschenes Inc - SOW 01 CO 05 - Release 1 - CSG","Holdback","Monthly - Billing"
"Bouygues Telecom - ChildCoE Opt - ARC H2 Team-Project","Bouygues Telecom - ChildCoE Opt - ARC H2 Team","Invoice with Subtotal(s)","Monthly - Billing"
"Bouygues Telecom - Ambition COE PULL FWF OCt-Project","Bouygues Telecom - Ambition COE PULL FWD Oct","Invoice with Subtotal(s)","Monthly - Billing"
"Bouygues Telecom - ChildCoE Opt - Colibri Perf and RM-Project","Bouygues Telecom - ChildCoE Opt - Colibri Perf and RM","Separate Invoices","Monthly - Billing"
"Bouygues Telecom - COE 2025 - TOTAL-Project","Bouygues Telecom - COE 2025 - TOTAL","Invoice with Subtotal(s)","Monthly - Billing"
"Bouygues Telecom - ChildOptCOE2025 - MOA ARC 2025-Project","Bouygues Telecom - ChildOptCOE2025 - MOA ARC 2025","Invoice with Subtotal(s)","Monthly - Billing"
"Bouygues Telecom - ChildOptCOE2025 - MOA Tabarly 2025-Project","Bouygues Telecom - ChildOptCOE2025 - MOA Tabarly 2025","Invoice with Subtotal(s)","Monthly - Billing"
"Bouygues Telecom - ChildOptCOE2025 - MOE ARC2025-Project","Bouygues Telecom - ChildOptCOE2025 - MOE ARC2025","Invoice with Subtotal(s)","Monthly - Billing"
"Bouygues Telecom - ChildOptCOE2025 - Colibri Team 2025-Project","Bouygues Telecom - ChildOptCOE2025 - Colibri Team 2025","Invoice with Subtotal(s)","Monthly - Billing"
"Gigaclear - BGL-2.1 and 2026","Gigaclear -  Implementation for FY26","Holdback","Monthly - Billing"
"Pinnacle Pet Group Core/SFI/RC Release 1 Design & Deliver - CSG-Project","Pinnacle Pet Group Core/SFI/RC Release 1 Design & Deliver - CSG","Holdback","Monthly - Billing"
"Avolta - Global Loyalty Progam - Parent - (40% split with UKI) -CSG-Project","Avolta - Global Loyalty Progam - Parent - (40% split with UKI) -CSG","Holdback","Monthly - Billing"
"Avolta - CO - Loyalty program extension-Project","Avolta - CO - Loyalty program extension","Holdback","Monthly - Billing"
"Prudential - 3-Year SELA Services Consolidation Upside #BigBet-Project","Prudential - 3-Year SELA Services Consolidation Upside #BigBet","Invoice with Subtotal(s)","Monthly - Billing"
"ITA - CC IVR Hebrew - Umbrella SOW2023-001-CO032 - NEW - CSG-Project","ITA - CC IVR Hebrew - Umbrella SOW2023-001-CO032 - NEW - CSG","Umbrella","Monthly - Billing"
"Aviva Health Transformation - Feature Team 6-Project","Aviva Health Transformation Design and Define and implementation - CSG (Feature Team 6)","Holdback","Monthly - Billing"
"SES ENGINEERING (LUX) - SOW00x Comms Cloud Implementation - CSG-Project","SES ENGINEERING (LUX) - SOW#04080131 Comms Cloud Implementation","Holdback","Monthly - Billing"
"Acadia - Patient Access Implementation - CSG - New-Project","Acadia - Patient Access Implementation - CSG - New","Holdback","Monthly - Billing"
"SiriusXM - Campaign Services Adobe Transition RFP - New - CSG-Project","SiriusXM - Campaign Services Adobe Transition RFP - New - CSG","Holdback","Monthly - Billing"
"SMCP MuleSoft Engagement HQ Deployment Fr - CP 8","SMCP MuleSoft Engagement HQ Deployment Fr - Child Opty 8","Separate Invoices","Monthly - Billing"
"SMCP MuleSoft Engagement HQ Deployment Fr - CP 6","SMCP MuleSoft Engagement HQ Deployment Fr - Child Opty 6","Separate Invoices","Monthly - Billing"
"SMCP MuleSoft Engagement HQ Deployment Fr - CP 7","SMCP MuleSoft Engagement HQ Deployment Fr - Child Opty 7","Separate Invoices","Monthly - Billing"
"SMCP MuleSoft Engagement HQ Deployment Fr - CP 9","SMCP MuleSoft Engagement HQ Deployment Fr - Child Opty 9","Separate Invoices","Monthly - Billing"
"SMCP MuleSoft Engagement HQ 2026 - CP Build Dev 2-Project","SMCP MuleSoft Engagement HQ 2026 - CP Build Dev 2","Separate Invoices","Monthly - Billing"
"SMCP MuleSoft Engagement HQ 2026 - CP Build Dev 1-Project","SMCP MuleSoft Engagement HQ 2026 - CP Build Dev 1","Separate Invoices","Monthly - Billing"
"Docebo - Change Order 2 SOW 4 CPQ and Billing project-Project","Docebo - Change Order 2 SOW 4 CPQ and Billing project","Holdback","Monthly - Billing"
"Lennar NHC Mobile CO08-Project","Lennar NHC Mobile CO08","Framework","Monthly - Billing"
"Lennar - 2025 Professional Services Extension Framework SOW-Project","Lennar - 2025 Professional Services Extension Framework SOW","Framework","Monthly - Billing"
"Lennar - Agentforce - AISC WO2-Project","Lennar - Agentforce - AISC WO2","Framework","Monthly - Billing"
"Lennar - WO#4 - Scheduler-Project","Lennar - WO#4 - Scheduler","Framework","Monthly - Billing"
"Lennar WO4 - NHC Mobile Sidekick Agent Phase 1-Project","Lennar WO4 - NHC Mobile Sidekick Agent Phase 1","Framework","Monthly - Billing"
"Telstra - B2B - CPQO - PRE-GA - CSG-Project","Telstra - Prof Services - B2B - CPQO Cloudsense SFI - Replacement - CSG","Holdback","Monthly - Billing"
"Davita - Patient360 CO - CSG Salandra-Project","Davita - Patient360 CO - CSG #Salandra","Holdback","Monthly - Billing"
"UHG - CRMA Phase 2 - CSG #Vun- Work Order #5-Project","UHG - CRMA Phase 2 - CSG #Vun- Work Order #5","Framework","Monthly - Billing"
"UHG - CRMA Extension Work Order 6 - CSG -Project","UHG - CRMA Extension Work Order #6 - CSG #Vun","Framework","Monthly - Billing"
"Goodyear - Elevate Program - Revenue Cloud-Project","Goodyear - Elevate Program - Revenue Cloud","Holdback","Monthly - Billing"
"Infineon Tech. Umbrella 2025 - WO#1 Tableau Expert Services CSG-Project","Infineon Tech._Umbrella 2025 - WO#1_Tableau Expert Services_CSG","Umbrella","Monthly - Billing"
"Southwire - Transformation - Professional Services-Project","Southwire - Transformation - Professional Services","Holdback","Monthly - Billing"
"Avon Cosmetics - B2B Alpha Build SOW - CSG NB - Project","Avon Cosmetics - B2B Alpha Build SOW - CSG NB","Holdback","Monthly - Billing"
"NGB - GEQ - Expertise Hours/CTO - New Business - Core - CTO- CSG-Project","GEQ - Expertise Hours/CTO - New Business - Core - CTO- CSG","Separate Invoices","Monthly - Billing"
"Minalba - CTO - New Business - Core - CTO- CSG-Project","MInalba - CTO - New Business - Core - CTO- CSG","Separate Invoices","Monthly - Billing"
"Esmaltec - CTO - New Business - Core - CTO- CSG-Project","Esmaltec - CTO - New Business - Core - CTO- CSG","Separate Invoices","Monthly - Billing"
"GEQ - CTO PHASE 2 - New Business - Core - CSG-Project","GEQ - CTO PHASE 2 - New Business - Core - CSG","Separate Invoices","Monthly - Billing"
"Minalba - CTO PHASE 2 - New Business - Core - CSG-Project","Minalba - CTO PHASE 2 - New Business - Core - CSG","Separate Invoices","Monthly - Billing"
"SVM - CTO PHASE 2 - New Business - Core - CSG-Project","SVM - CTO PHASE 2 - New Business - Core - CSG","Separate Invoices","Monthly - Billing"
"CDF - MX - SOW - CG, Tabeau, Data 360, Mulesoft - Implementation  #QL -Project","CDF - MX - SOW - CG, Tabeau, Data 360, Mulesoft - Implementation  #QL","Holdback","Monthly - Billing"
"Prudential - $0 DD - March POC Pru + SF AI Proposal (Service Inc. Only)-Project","Prudential - $0 DD - March POC Pru + SF AI Proposal (Service Inc. Only)","Invoice with Subtotal(s)","Monthly - Billing"
"GEA - Bodewell - Platform Foundation Team 9mos + Service Team 6mos-Project","GEA - Bodewell - Platform Foundation Team 9mos + Service Team 6mos","Holdback","Monthly - Billing"
"Main oppty - Lumen - SOW - QF Clone & Convey, SFS, MS - New-Project","Main oppty - Lumen - SOW - QF Clone & Convey - Clouds: Comm service, core, SFS, MS - New","Holdback","Monthly - Billing"
"DigiKey - Phase 1 - Digital Transformation - CSG-Project","DigiKey - Phase 1 - Foundation - CSG","Holdback","Monthly - Billing"
"Boeing - Capacity SOW Parent Opp  - CSG-Project","Boeing - Capacity SOW Parent Opp  - CSG","Framework","Monthly - Billing"
"Spafax - Media Cloud Ad Sales Implementation-Project","Spafax - Media Cloud Ad Sales Implementation","Holdback","Monthly - Billing"
"FT Data Cloud & MC - Implementation support-Project","FT Data Cloud & MC - Implementation support","Holdback","Monthly - Billing"
"Acrisure - Expert Services for FSC, SPIFF, D360, MS & AF - CSG-Project","Acrisure - Expert Services for FSC, SPIFF, D360, MS & AF - CSG","AWS SI Funding","Monthly - Billing"
"Fresenius Kabi - Phase 1 completion-Project","Fresenius Kabi - Phase 1 completion","Holdback","Monthly - Billing"
"Paysafe - XD and Training - CSG-Project","Paysafe - XD and Training - CSG","Holdback","Monthly - Billing"
"WSV - WO 9 (Dev requirements in Prevention Program)-Project","WSV - WO 9 (Dev requirements in Prevention Program)","Framework","Monthly - Billing"
"WSV - Services (5 year agreement)-Project","WSV - Services (5 year agreement)","Framework","Monthly - Billing"
"MS - WSV Work Order 2 Catalyst Launch Platform Setup P1 - (svcs)-Project","WSV - MS - Work Order #2 Catalyst Launch Platform Setup P1 - SCO (svcs)","Framework","Monthly - Billing"
"WSV - MS - PREBOOK - Work Order #4 - Mulesoft Program Architect (6 mo)  -Project","WSV - MS - PREBOOK - Work Order #4 - Mulesoft Program Architect (6 mo)  - SCO (svc)","Framework","Monthly - Billing"
"WSV - Work Order 1 - Claims and Recovery team extension-Project","WSV - Work Order 1 - Claims and Recovery team extension","Framework","Monthly - Billing"
"DE Vic_Orphan Apps(MSOW11WO002)","DE Vic - MSOW 11 WO 002 (Orphan Apps)","Framework","Monthly - Billing"
"DE Vic_FY26_Transformation Program_Phase 1","DE Vic - MSOW 11 - WO 12 - Team Extension","Framework","Monthly - Billing"
"DE Vic_SSPRT(MSOW011WO012CO002)","MSOW 011 WO 012 CO 002_SSPRT","Framework","Monthly - Billing"
"DE Vic_MSOW011WO07CO01","DE Vic - WO07 MC Extension","Framework","Monthly - Billing"
"MS - People First Work Order 01 (Svcs) FrameworkSOW-Project","MS - People First Work Order 01 (Svcs) #FrameworkSOW","Framework","Monthly - Billing"
"MS - People First Work Order 02 (Svcs) #FrameworkSOW-Project","MS - People First Work Order 02 (Svcs) #FrameworkSOW","Framework","Monthly - Billing"
"MS - People First Bank Work Order 03 (Svcs) -Project","MS - People First Bank Work Order 03 (Svcs) #FrameworkSOW","Framework","Monthly - Billing"
"MS - People First Bank Work Order 06 (Svcs) FrameworkSOW-Project","MS - People First Bank Work Order 06 (Svcs) #FrameworkSOW","Framework","Monthly - Billing"
"MS - People First Bank Work Order 07 (Svcs)-Project","MS - People First Bank Work Order 07 (Svcs) #FrameworkSOW","Framework","Monthly - Billing"
"MS - People First Bank Work Order 08 (Svcs)-Project","MS - People First Bank Work Order 08 (Svcs) #FrameworkSOW","Framework","Monthly - Billing"
"MS - People First Bank Work Order 09 (Svcs) FrameworkSOW-Project","MS - People First Bank Work Order 09 (Svcs) #FrameworkSOW","Framework","Monthly - Billing"
"[CSG] - Totalplay Loyalty CO001-Project","[CSG] - Totalplay Loyalty CO001","Holdback","Monthly - Billing"
"Werner - CCaaS Implementation-Project","Werner - CCaaS Implementation","Holdback","Monthly - Billing"
"DE Vic_Student Insight(MSOW011WO012CO001)","MSOW 011 WO 012 CO 001_Student Insight","Framework","Monthly - Billing"
"SiriusXM - Campaign Ops - 2025 Extension-Project","SiriusXM - Campaign Ops - 2025 Extension","Holdback","Monthly - Billing"
"Bradesco Umbrella CO065 - Private - H2FY25 Services - CORE-Project","Bradesco Umbrella - Implement - Change Order - CO065 Private CORE - CSG","Umbrella","Monthly - Billing"
"Bradesco Umbrella CO067 - Atacado Credit & Cash - Core Services-Project","Bradesco Umbrella - Implement - Change Order - CO067 Atacado Credit & Cash CORE Parent Split - CSG","Umbrella","Monthly - Billing"
"Bradesco Umbrella CO053 - Private - CORE Services Feb2024-Project","Bradesco Umbrella CO053 - Private - CORE Services Feb2024","Umbrella","Monthly - Billing"
"Bradesco Umbrella CO059 - Afluentes (TopTier-Prime) - MVP1CORE SvcPART 1-Project","Bradesco Umbrella - Implement - Change Order - CO059 Afluentes MVP1 CORE Part1 - CSG","Umbrella","Monthly - Calendar"
"Bradesco Umbrella CO060 - Afluentes MVP1 - CORE Services PART 2-Project","Bradesco Umbrella - Implement - Change Order - CO060 Afluentes MVP1 CORE Part2 - CSG","Umbrella","Monthly - Billing"
"Bradesco Umbrella  - CRM CO051 - Jan24 - Services Parent Split-Project","Bradesco Umbrella  - CRM CO051 - Jan24 - Services Parent Split","Umbrella","Monthly - Billing"
"Bradesco Umbrella CO054 - CRM Ext Services-Project","Bradesco Umbrella - Implement - Change Order - CO054 CRM Ext MC/Core Parent Split - CSG","Umbrella","Monthly - Calendar"
"Bradesco Umbrella CO045 - CRM CDP Define and Design FY24 - Parent Split-Project","Bradesco Umbrella CO045 - CRM CDP Define and Design FY24 - Parent Split","Umbrella","Monthly - Billing"
"Bradesco Umbrella CO047 - Atacado - Core Strategic Layer 4800 hours FY24-Project","Bradesco Umbrella Atacado - CO047 - Core Strategic Layer 4800 hours FY24","Umbrella","Monthly - Calendar"
"Bradesco - Umbrella CO041 - ATACADO Strategic Layer Services - 5.000 hr-Project","Bradesco - Umbrella CO041 - ATACADO  Strategic Layer Services - SLF-22-0041-01 5.000 hrs","Umbrella","Monthly - Billing"
"Bradesco Umbrella CO068 - SME-PJ Cockpit MVP CORE Services-Project","Bradesco Umbrella - Implement - Change Order - CO068 SME/PJ Cockpit MVP CORE - CSG","Umbrella","Monthly - Billing"
"Bradesco Umbrella CO069 CRM - Implement - Change Order - Ext 2025-Project","Bradesco Umbrella - Implement - Change Order - CO069 Ext 2025 VILA CRM MC - CSG","Umbrella","Monthly - Billing"
"Bradesco Umbrella CO002 - Principal - Strategic Layer - Expert Services-Project","Bradesco - CO002 Strategic Layer Principal - Expert Services - Change Order - Advisory Services & Practices - CSG","Umbrella","Monthly - Billing"
"Bradesco Umbrella SOW010-CO003 PJ SME Extension - Expert Services - Chan-Project","Bradesco Umbrella SOW010-CO003 PJ SME Extension - Expert Services - Change Order","Umbrella","Monthly - Billing"
"Bradesco Umbrella SOW010-CO004 - CRM - Expert Services - Change Order-Project","Bradesco Umbrella SOW010-CO004 - CRM - Expert Services","Umbrella","Monthly - Billing"
"Bradesco Umbrella SOW010-CO005 - Principal - Advisory Services - CSG-Project","Bradesco Umbrella SOW010-CO005 - Principal - Advisory Services - CSG","Umbrella","Monthly - Billing"
"Bradesco Umbrella SOW010-CO006 - Atacado - Expert Services-Project","Bradesco Umbrella SOW010-CO006 - Atacado - Expert Services - Change Order","Umbrella","Monthly - Billing"
"Shell - SoW - Fleet - B2B Commerce + Revenue - EV 360 MVP (Build Phase)-Project","Shell - SoW - Fleet - B2B Commerce + Revenue - EV 360 MVP (Build Phase) & Phase 0 & MDP","Holdback","Monthly - Billing"
"HomeServe PLC - USA - North America - Click to SFS migration - CSG-Project","HomeServe PLC - USA - North America - Click to SFS migration - CSG","Holdback","Monthly - Billing"
"Manulife - Phase 2 Medallia CO - CSG-Project","Manulife - Phase 2 Medallia CO#9 - CSG","Framework","Monthly - Billing"
"Manulife -TCRM Analytics CO - CSG-Project","Manulife -TCRM Analytics CO#8- CSG","Framework","Monthly - Billing"
"Manulife - Medallia migration CO#7 - CSG-Project","Manulife - Medallia migration CO#7 - CSG","Framework","Monthly - Billing"
"Manulife - Travel Marketing CO - CSG Services-Project","Manulife - Travel Marketing CO#6 - CSG Services","Framework","Monthly - Billing"
"Brighton Health - Member 360 Call Center - Implementation #HLSMustWin-Project","Brighton Health - Member 360 Call Center - Implementation #HLSMustWin","Holdback","Monthly - Billing"
"MS - PS - Booking.com - SOW#2026-008 MuleSoft-Project","MS - PS - Booking.com - SOW#2026-008 MuleSoft","Framework","Monthly - Billing"
"Sunrise - ES - Calendar 2025 Services Bucket-Project","Sunrise - ES - Calendar 2025 Services Bucket","Holdback","Monthly - Billing"
"Syngenta - ES - Rebate Management - Global rollout-Project","Syngenta - ES - Rebate Management - Global rollout AMER Split - Parent 20%","Holdback","Monthly - Billing"
"Syngenta - ES - Rebate Management - Global rollout - Child invoice SEEDS-Project","Syngenta - ES - Rebate Management - Global rollout - Child invoice","Separate Invoices","Monthly - Billing"
"Mister Spex - B2C holdback - CSG-Project","Mister Spex - B2C holdback - CSG","Holdback","Monthly - Billing"
"PNC Bank - 3 Yr Ent SOW $0 CO-0005 CRMA Ext (Apr-Dec) - CSG-Project","PNC Bank - 3 Yr Ent SOW $0 CO-0005 CRMA Ext (Apr-Dec) - CSG","Framework","Monthly - Billing"
"PNC Bank - Lending, CRMA, CoE 2024 Renewal (3 Year) - #MasterSOW","PNC Bank - Lending, CRMA, CoE 2024 Renewal (3 Year) - CSG","Framework","Monthly - Billing"
"PNC Bank - 3 Yr Ent SOW CO-0001 CRMA, COE- CSG-Project","PNC Bank - 3 Yr Ent SOW CO-0001 CRMA, COE- CSG","Framework","Monthly - Billing"
"PNC Bank - 3 Yr Ent SOW $0 CO-0002 - XD Extension COE (Feb-May) - CSG-Project","PNC Bank - 3 Yr Ent SOW $0 CO-0002 - XD Extension COE (Feb-May) - CSG","Framework","Monthly - Billing"
"PNC Bank - 3 Yr Ent SOW $0 CO-0003 - XD, TA Lending Extension (Feb-Mar) -Project","PNC Bank - 3 Yr Ent SOW $0 CO-0003 - XD, TA Lending Extension (Feb-Mar) - CSG","Framework","Monthly - Billing"
"Bombardier Inc. - New Aircraft Sales AI Digital Transformation - CSG-Project","Bombardier Inc. - Aircraft and Aftermarket Sales AI Digital Transformation - CSG","Holdback","Monthly - Billing"
"Bancolombia-COL-FSC-CO019-Migración ORG Factoring-Project","Bancolombia-COL-FSC-CO019-Migración ORG Factoring","Umbrella","Monthly - Billing"
"WSV WO 1 CO 1 - CARS program FY 25 (May 25th 2024 and Mid Dec 2024)-Project","WSV WO 1 CO 1 - CARS program FY 25 (May 25th 2024 and Mid Dec 2024)","Framework","Monthly - Billing"
"DE VIC - MSOW 011 - WO 04 - Student Insights (ALL IN)-Project","DE VIC - MSOW 011 - WO 04 - Student Insights (ALL IN)","Framework","Monthly - Billing"
"DE VIC_ Citizen Connect, Support & Intervention and Compliance-Project","DE VIC_ Citizen Connect, Support & Intervention and Compliance (MSOW 010 WO 05)","Framework","Monthly - Billing"
"WSV - WO23 CO2-Project","WSV - WO23 CO2","Framework","Monthly - Billing"
"WSV - WO36 - Permission Claims Concealment-Project","WSV - WO36 - Permission Claims Concealment","Framework","Monthly - Billing"
"DE Vic MSOW 11 WO 09 - SI extension-Project","DE Vic MSOW 11 WO 09 - SI extension","Framework","Monthly - Billing"
"DE Vic MSOW 11 WO 10 - Student Insight Deployment Services-Project","DE Vic MSOW 11 WO 10 - Student Insight Deployment Services","Framework","Monthly - Billing"
"WSV - CO2WO26-Project","WSV - CO2WO26","Framework","Monthly - Billing"
"WSV - WO 1 CO 2 CARS team extension-Project","WSV - WO 1 CO 2 CARS team extension","Framework","Monthly - Billing"
"NBCU - NBCNewsLocal - Launch Slack  - SOW - T&M-Project","NBCU - NBCNewsLocal - Launch Slack  - SOW - T&M","Holdback","Monthly - Billing"
"Spark Media Holdings (NBCU) - SLK_WorkOS_Design&Implement - SOW-Project","Spark Media Holdings (NBCU) - SLK_WorkOS_Design&Implement - SOW","Holdback","Monthly - Billing"
"Danone - Design Authority - Child opportunity - CSG-Project","Danone - Design Authority - Child opportunity - CSG","Invoice with Subtotal(s)","Monthly - Billing"
"Danone - Commercial Harmonisation program - DA - CHILD - CSG-Project","Danone - Commercial Harmonisation program - DA - CHILD - CSG","Invoice with Subtotal(s)","Monthly - Billing"
"Danone - Commercial Harmonisation program - DA - CSG-Project","Danone - Commercial Harmonisation program - DA - CSG","Invoice with Subtotal(s)","Monthly - Billing"
"BASF AP - Farm2Cloud - Phase 1 & Phase 2","BASF SE - AP Phase 1 24 months Farm2Cloud RfP - FY25 - CSG","Holdback","Monthly - Billing"
"BASF AP - Farm2Cloud - User Journeys - FY25 - CSG-Project","BASF SE - AP Farm2Cloud User Journeys - FY25 - CSG","Holdback","Monthly - Billing"
"BASF SE - AP Phase 1 Farm2Cloud CO Process Support - FY26 - CSG-Project","BASF SE - AP Phase 1 Farm2Cloud CO Process Support - FY26 - CSG","Holdback","Monthly - Billing"
"Bradesco Umbrella (DRC) CO021 - MC Melhorias Evolutivas - Services - Par-Project","Bradesco Umbrella (DRC) CO021 - MC Melhorias Evolutivas - Services - Parent Split AF","Umbrella","Monthly - Billing"
"Coop - CRM Support - Work Order #1 - CSG-Project","Coop - CRM Support -  Work Order #1 - CSG","Framework","Monthly - Billing"
"HomeServe - Core - Two Week Extension SOW-Project","HomeServe - Core - Two Week Extension SOW","Holdback","Monthly - Billing"
"British Broadcasting Corporation (BBC): Data and DashboardEssential WS-Project","British Broadcasting Corporation (BBC): Data and DashboardEssential WS","Holdback","Monthly - Billing"
"Centrica - (Parent) Strategic Growth Investment Programme - CSG - New-Project","Centrica - Strategic Growth Investment - CSG - New","Separate Invoices","Monthly - Billing"
"Centrica - £0 CR for Whatsapp POC for NEP-Project","Centrica - £0 CR for Whatsapp POC for NEP","Separate Invoices","Monthly - Billing"
"Centrica - £0 CR for NEP + Fusion POC-Project","Centrica - £0 CR for NEP + Fusion POC","Separate Invoices","Monthly - Billing"
"Boots- CO3 Mobilisation & Planning - csg-CHILD-Project","Boots- CO3 Mobilisation & Planning - csg-CHILD","Invoice with Subtotal(s)","Monthly - Billing"
"Boots - Strategic Planning (Phase 0) & Discovery PARENT CSG - New-Project","Boots - Strategic Planning (Phase 0) & Discovery PARENT CSG - New","Invoice with Subtotal(s)","Monthly - Billing"
"Value Retail- Phase 2- Loyalty Define ONLY - PARENT- CSG-NB- EXCL MULE-Project","Value Retail- Phase 2- Loyalty Define ONLY - PARENT- CSG-NB- EXCL MULE","Holdback","Monthly - Billing"
"Currys - VRF - B2C CC TA Advisory capacity subproject- csg- CHILD-Project","Currys - VRF - B2C CC TA Advisory capacity subproject- csg- CHILD","Invoice with Subtotal(s)","Monthly - Billing"
"Currys - VRF - MCA Advisory capacity subproject- csg- CHILD-Project","Currys - VRF - MCA Advisory capacity subproject- csg- CHILD","Invoice with Subtotal(s)","Monthly - Billing"
"Currys- MCA D360 Implementation advisory SUB PROJECT- CSG-NB-Project","Currys- MCA D360 Implementation advisory SUB PROJECT- CSG-NB","Invoice with Subtotal(s)","Monthly - Billing"
"Currys MCA Advisory extension- SUB PROJECT- CSG-Project","Currys MCA Advisory extension- SUB PROJECT- CSG","Invoice with Subtotal(s)","Monthly - Billing"
"Aviva Health Transformation - Feature Team 7-Project","Aviva Health Transformation Design and Define and implementation - CSG (Feature Team 7)","Holdback","Monthly - Billing"
"Aviva Health Transformation - Feature Team 5-Project","Aviva Health Transformation Design and Define and implementation - CSG (Feature Team 5)","Holdback","Monthly - Billing"
"WSV WO 10 - SCO Claims and Recovery FY 25-Project","WSV WO 10 - SCO Claims and Recovery FY 25","Framework","Monthly - Billing"
"WSV - Work Order 3 - Delivery Leader effort AUS FY24-Project","WSV - Work Order 3 - Delivery Leader effort AUS FY24","Framework","Monthly - Billing"
"WSV - WO 16 (CARS short term extension)-Project","WSV - WO 16 (CARS short term extension)","Framework","Monthly - Billing"
"DE Vic_Data Cloud(MSOW011WO012CO004)","MSOW 011 WO 012 CO 004_Data Cloud","Framework","Monthly - Billing"
"DE Vic_MuleSoft(MSOW011WO012CO006)","MSOW 011 WO 012 CO 006_MuleSoft","Framework","Monthly - Billing"
"DE Vic_ AI PAS Project(MSOW011WO12CO12)","MSOW 011 WO 012 CO 012 - AI PAS","Framework","Monthly - Billing"
"DE Vic_MuleSoft Extn(MSOW011WO012CO019)","DE Vic CO 19 - Mulesoft extension","Framework","Monthly - Billing"
"DE Vic_Victorian School Register(MSOW011WO012CO021)","CO - VSR","Framework","Monthly - Billing"
"DE Vic-School Care(MSOW011WO012CO025)","MSOW 011 WO 012 CO 025 - School Care","Framework","Monthly - Billing"
"DE Vic-Student Insight(MSOW011WO012CO024)","MSOW 011 WO 012 CO 024 - Student Insight Extension","Framework","Monthly - Billing"
"DE Vic CO 20 AI-Project","DE Vic CO 20 AI","Framework","Monthly - Billing"
"DE Vic - Assurance CO 27-Project","DE Vic - Assurance CO 27","Framework","Monthly - Billing"
"UHG - 2yr Services Partnership - Parent split - CSG-Project","UHG - 2yr Services Partnership - Parent split - CSG","Framework","Monthly - Billing"
"UHG - Master SOW Work Order # 1 - MC@2024","UHG - 2yr Services Partnership Master SOW Work Order # 1","Framework","Monthly - Billing"
"UHG - CHART case mgmt and usability modernization - Work Order #2-Project","UHG - CHART case mgmt and usability modernization - Work Order #2","Framework","Monthly - Billing"
"Rational AG - Agentforce PoC - CSG-Project","Rational AG - Agentforce PoC - CSG","Separate Invoices","Monthly - Billing"
"TD Bank - Capacity Model CO#4 - Business Banking CPQ - CSG-Project","TD Bank - Capacity Model CO#4 - Business Banking CPQ - CSG","Framework","Monthly - Billing"
"Manulife (CWAM) - Canada Retirement Transformation MVP 1 [CO#20] - CSG-Project","Manulife (CWAM) - Canada Retirement Transformation MVP 1 [CO#20] - CSG","Framework","Monthly - Billing"
"TD Bank - Capacity Model CO#5 Loyalty Advisory - CSG-Project","TD Bank - Capacity Model CO#5 Loyalty Advisory - CSG","Framework","Monthly - Billing"
"TD Bank - Capacity Model CO 2 - Distributed Marketing Build CR - CSG-Project","TD Bank - Capacity Model CO#2 - Distributed Marketing Build CR - CSG","Framework","Monthly - Billing"
"TD Bank - Capacity Model CO#6 Unica DC - CSG-Project","TD Bank - Capacity Model CO#6 Unica DC - CSG","Framework","Monthly - Billing"
"Manulife - GWAM (GPSO) extend team from Planspec redesign CO- Project","Manulife - GWAM (GPSO) extend team from Planspec redesign CO#23 CSG","Framework","Monthly - Billing"
"Manulife CWAM - Canada Retirement transformation Extend CO#24 - CSG-Project","Manulife CWAM - Canada Retirement transformation Extend CO#24 - CSG","Framework","Monthly - Billing"
"TD Bank - Capacity Model CO09 Loyalty Management - CSG-Project","TD Bank - Capacity Model CO09TBD Loyalty Management - CSG","Framework","Monthly - Billing"
"Manulife Territory Management CO#25 - CSG-Project","Manulife Territory Management CO#25 - CSG","Framework","Monthly - Billing"
"TD Bank -  TA coverage end of capacity CO#13-Project","TD Bank -  TA coverage end of capacity CO#13 - CSG - #D2024 #fred","Framework","Monthly - Billing"
"Orkla CGS analysis phase-Project","Orkla CGS analysis phase","Holdback","Monthly - Billing"
"MS - People First Framework SOW (Svcs) SOW-Project","MS - People First Framework SOW (Svcs) #SOW","Framework","Monthly - Billing"
"MS - IAG MuleSoft Expert Services (Svcs) SOW-Project","MS - IAG MuleSoft Expert Services (Svcs) #SOW","AWS SI Funding","Monthly - Billing"
"Alliant Insurance - Senior Market Sales - FSC MVP - CSG-Project","Alliant Insurance - Senior Market Sales - FSC MVP - CSG","Holdback","Monthly - Billing"
"WSV - WO39 - Continuous Improvement for Health and Safety-Project","WSV - WO39 - Continuous Improvement for Health and Safety","Framework","Monthly - Billing"
"DE Vic _SF Access Management(MSOW011WO012CO017)","MSOW 011 WO 012 CO 017","Framework","Monthly - Billing"
"WSV - WO29 - SCO Extension Claims-Project","WSV - WO29 - SCO Extension Claims","Framework","Monthly - Billing"
"WSV - WO30 - SCO Feb-Jan-Project","WSV - WO30 - SCO Feb-Jan","Framework","Monthly - Billing"
"WSV - WO35 - Psychological Health Regulations-Project","WSV - WO35 - Psychological Health Regulations","Framework","Monthly - Billing"
"Shift4 - DT Project 1 - Phoenix FSC Service Contact Center","Shift4 - Release 1 CO02 - CSG","Framework","Monthly - Billing"
"*SFDO* - College Board - TAM Phase 0 + MVP Build-Project","*SFDO* - College Board - TAM Phase 0 + MVP Build","Holdback","Monthly - Billing"
"*SFDO* - College Board - TAM Phase 0 + MVP Build - CO #HoldoutEligible-Project","*SFDO* - College Board - TAM Phase 0 + MVP Build - CO #HoldoutEligible","Holdback","Monthly - Billing"
"SSC - Hardware - Capacity -Advisory Contract 2 (Funded)","SSC - Hardware - Capacity #SSC - Advisory","PubSec OF/SOW","Monthly - Billing"
"CRH - Data Cloud One for US&CAN X-org collaboration-Project","CRH - Data Cloud One for US&CAN X-org collaboration","AWS SI Funding","Monthly - Billing"
"TD Bank - Capacity Model - CSG-Project","TD Bank - Capacity Model - CSG","Framework","Monthly - Billing"
"Manulife - GHNW Bermuda New Business EXTENDED DESIGN [CO#17] - CSG-Project","Manulife - GHNW Bermuda New Business EXTENDED DESIGN Dec [CO#17] - CSG","Framework","Monthly - Billing"
"Manulife - GHNW Bermuda New Business Case Management [CO 16]-Project","Manulife - GHNW Bermuda New Business DISCO/DESIGN [CO#16] - CSG","Holdback","Monthly - Billing"
"Sunrun Inc - Phase 3 Next Gen CRM - CSG-Project","Sunrun Inc - Phase 3 Next Gen CRM - CSG","Holdback","Monthly - Billing"
"#QL MetLife - Sales + Service Centre C360 Transformation EXTENSION-Project","#QL MetLife - Sales + Service Centre C360 Transformation EXTENSION","Separate Invoices","Quarterly"
"Lumen - SOW - SFS Remediation P0 + P1 (Quantum Fiber) - CSG - New-Project","Lumen - SOW - SFS Remediation P0 + P1 (Quantum Fiber) - CSG - New","Holdback","Monthly - Billing"
"Avon Cosmetics - MC + Data Cloud + Personalisation SOW - CSG NB-Project","Avon Cosmetics - MC + Data Cloud + Personalisation SOW - CSG NB","Holdback","Monthly - Billing"
"M&S - UKI/Int Loyalty Cloud - Build - CSG NB-Project","M&S - UKI/Int Loyalty Cloud - Build - CSG NB","Holdback","Monthly - Billing"
"BAT - AWS Marketplace Investment - CSG - GBP-Project","BAT - AWS Marketplace Investment - CSG - GBP","AWS SI Funding","Monthly - Billing"
"MS - Public Storage - Framework CO02-Project","MS - Public Storage - Framework CO02","Framework","Monthly - Billing"
"Suzuki Lead Management Phase 1 and 2 (Parent)-Project","Suzuki Lead Management Phase 1 and 2 (Parent)","Holdback","Monthly - Billing"
"NATIONAL ACCOUNT MetLife-Project","NATIONAL ACCOUNT MetLife - Sales + Service Centre C360 Transformation EXTENSION","Separate Invoices","Quarterly"
"UKI - Capita - EOS Co-Funding for SRM + Agentic Bidding-Project","UKI - Capita - EOS Co-Funding for SRM + Agentic Bidding","Holdback","Monthly - Billing"
"MS - Adecco - MuleSoft Advisory Services-Project","MS - Adecco - Catalyst Launch + Design Authority","Holdback","Monthly - Billing"
"MS - Mutuaide - Extension Lot 2-Project","MS - Mutuaide - Extension Lot 2","Invoice with Subtotal(s)","Monthly - Billing"
"MS - Mutuaide Strategie deploiement pilote CSG-Project","MS - Mutuaide Strategie deploiement pilote CSG","Invoice with Subtotal(s)","Monthly - Billing"
"Sunrun Inc - Phase 2 Next Gen CRM - CSG-Project","Sunrun Inc - Phase 2 Next Gen CRM - CSG","Holdback","Monthly - Billing"
"Sunrun Inc - Phase 1 Next Gen CRM - CSG-Project","Sunrun Inc - Phase 1 Next Gen CRM - CSG","Holdback","Monthly - Billing"
"ITA - Loyalty Cont. Improv. 2024 Q1 - Umbrella SOW2023-001-CO019 - NEW --Project","ITA - Loyalty Cont. Improv. 2024 Q1 - Umbrella SOW2023-001-CO019 - NEW - CSG","Umbrella","Monthly - Billing"
"ITA - C360 Dynamic and Predictive Support-Project","ITA - C360 Dynamic and Predictive Support - Umbrella SOW2023-001-CO020 - NEW - CSG","Umbrella","Monthly - Billing"
"ITA - Contact Center IVR Review - Umbrella SOW2023-001-CO023 - NEW - CSG-Project","ITA - Contact Center IVR Review - Umbrella SOW2023-001-CO023 - NEW - CSG","Umbrella","Monthly - Billing"
"ITA - C360 - Dynamic Models Behavioural Tracking - Umbrella SOW2023-001--Project","ITA - C360 - Dynamic Models Behavioural Tracking - Umbrella SOW2023-001-CO027 - NEW - CSG","Umbrella","Monthly - Billing"
"ITA - Loyalty Continuous Improvement Extension 2023 - Umbrella SOW2023-0-Project","ITA - Loyalty Continuous Improvement Extension 2023 - Umbrella SOW2023-001-CO012 - NEW - CSG #GW24","Umbrella","Monthly - Billing"
"ITA - B2B - Small Evolutions H2 2024 - Umbrella SOW2023-001-CO034 - NEW -Project","ITA - B2B - Small Evolutions H2 2024 - Umbrella SOW2023-001-CO034 - NEW - CSG","Umbrella","Monthly - Billing"
"ITA - Jubilee Program - Umbrella SOW2023-001-CO041 - NEW - CSG-Project","ITA - Jubilee Program - Umbrella SOW2023-001-CO041 - NEW - CSG","Umbrella","Monthly - Billing"
"Pru - E1 and Agentforce Enablement and Scaling (v. New Business) - SOW 1-Project","Pru - E1 and Agentforce Enablement and Scaling (v. New Business) - SOW 1","AWS SI Funding","Monthly - Billing"
"MS - TD Bank - Capacity Model CO#10 - MuleSoft #FY26Renewal-Project","MS - TD Bank - Capacity Model CO#10 - MuleSoft #FY26Renewal","Framework","Monthly - Billing"
"Infineon Tech. Umbrella 2025 - WO#2 Datacloud Implementation CSG-Project","Infineon Tech._Umbrella 2025 - WO#2_Datacloud Implementation_CSG","Umbrella","Monthly - Billing"
"Coop - CSG - 2024 Salesforce Capacity Architect Support + Squad-Project","Coop - CSG - 2024 Salesforce Capacity Architect Support + Squad","Framework","Monthly - Billing"
"Coop - CRM Support -  Work Order 2 - CSG-Project","Coop - CRM Support -  Work Order #2 - CSG","Framework","Monthly - Billing"
"Coop - CRM Support -  Work Order - CSG-Project","Coop - CRM Support -  Work Order #4 - CSG","Framework","Monthly - Billing"
"L&G Data Cloud - Implementation-Project","L&G - Data Cloud Implementation - CSG","Holdback","Monthly - Billing"
"Civica - Change Order 2 for team extensions-Project","Civica - Change Order 2 for team extensions","Holdback","Monthly - Billing"
"Axis Bank Bulk Hours SOW_CSG_FY25-Project","Axis Bank Bulk Hours SOW_CSG_FY25","Framework","Monthly - Billing"
"Axis Bank CO for 1L hours under Bulk Hours SOW_Feb25_CSG_FY26-Project","Axis Bank CO for 1L hours under Bulk Hours SOW_Feb25_CSG_FY26","Framework","Monthly - Billing"
"Axis Bank_Work Order under Bulk Hours SOW_May25_CSG_FY26-Project","Axis Bank_Work Order under Bulk Hours SOW_May25_CSG_FY26","Framework","Monthly - Billing"
"Mass Mutual_Phase 1_CSG Services-Project","Mass Mutual_Phase 1_CSG Services","Holdback","Monthly - Billing"
"BAT - AWS Marketplace Investment - CSG - New-Project","BAT - AWS Marketplace Investment - CSG - New","AWS SI Funding","Monthly - Billing"
"WSV - WO 21 (CARS SCO extension)-Project","WSV - WO 21 (CARS SCO extension)","Framework","Monthly - Billing"
"TD Bank - Capacity Model CO 11 - US Commercial Data Cleanup - CSG-Project","TD Bank - Capacity Model CO#11 - US Commercial Data Cleanup - CSG","Framework","Monthly - Billing"
"WSV W10 CO 1 SCO extension - CARS-Project","WSV W10 CO 1 SCO extension - CARS","Framework","Monthly - Billing"
"Expedia Tableau Cloud Migration-Project","Expedia Tableau Cloud Migration","AWS SI Funding","Monthly - Billing"
"Equinox - Agentforce SoCal Clubs-Project","Equinox - Agentforce SoCal Clubs","Holdback","Monthly - Billing"
"Experian ECS + D360 Initial UC - CSG-Project","Experian ECS + D360 Initial UC - CSG","AWS SI Funding","Monthly - Billing"
"MS - LLB - Support Capacity - CO007 Child 3 -wiLLBe - Project","MS - LLB - Support Capacity - CO007 #Child 3","Separate Invoices","Monthly - Billing"
"MS - LLB - Support Capacity - CO007 Child 1 - CRM -Project","MS - LLB - Support Capacity - CO007 #Child 1","Separate Invoices","Monthly - Billing"
"MS - People First Bank CO1 (WO7-Project","MS - People First Bank CO1 (WO7","Framework","Monthly - Billing"
"WSV - WO37 - Data Duplication Remediation-Project","WSV - WO37 - Data Duplication Remediation","Framework","Monthly - Billing"
"Farmers Solution Design / Governance - CSG -Project","Farmers Solution Design / Governance - CSG #Q1PullForward","AWS SI Funding","Monthly - Billing"
